X:IN,2023-04-11
PRIMROSE,2023-03-13
LIMELIGHT,2023-02-17
tripleS,2023-02-13
FIFTY FIFTY,2022-11-18
ARTBEAT,2022-11-16
Queenz Eye,2022-10-24
mimiirose,2022-09-16
We;Na,2022-09-05
CSR,2022-07-27
NewJeans,2022-07-22
IRRIS,2022-07-06
Lapillus,2022-06-22
CLASS:y,2022-05-05
LE SSERAFIM,2022-05-02
ILY:1,2022-04-04
TRACER,2022-04-03
Kep1er,2022-03-01
NMIXX,2022-02-22
VIVIZ,2022-02-09
H1-KEY,2022-01-05
IVE,2021-12-01
Billlie,2021-11-10
bugAboo,2021-10-25
ICHILLIN',2021-09-08
PRITTI-G,2021-08-31
Solia,2021-08-17
Hi-L,2021-08-11
SKYLE,2021-08-04
Rumble-G,2021-07-14
LIGHTSUM,2021-06-10
Purple Kiss,2021-03-15
MAJORS,2021-03-09
PIXY,2021-02-24
TRI.BE,2021-02-17
aespa,2020-11-17
Bling Bling,2020-11-17
STAYC,2020-11-12
PRISMA,2020-10-31
BlackSwan,2020-10-16
Precious,2020-09-23
XUM,2020-09-22
LUNARSOLAR,2020-09-02
BOTOPASS,2020-08-26
AREAL,2020-08-21
Maka Maka,2020-08-04
Blastar,2020-07-31
Weeekly,2020-07-30
REDSQUARE,2020-05-19
SECRET NUMBER,2020-05-19
woo!ah!,2020-05-15
KEEMBO,2020-04-10
CRAXY,2020-03-03
cignature,2020-02-04
Episode,2020-02-04
Hinapia,2019-11-03
Ariaz,2019-10-23
ICU,2019-10-22
Melody Pink,2019-09-25
ANS,2019-09-16
Rocket Punch,2019-08-07
FANATICS,2019-08-06
Lusty,2019-06-26
PURPLEBECK,2019-06-24
Rockit Girl,2019-05-30
3YE,2019-05-21
HighSchool,2019-04-30
ILUV,2019-04-30
API,2019-04-19
BVNDIT,2019-04-10
Everglow,2019-03-18
ITZY,2019-02-12
Cherry Bullet,2019-01-21
FLAVOR,2018-11-26
Dreamnote,2018-11-07
IZ*ONE,2018-10-29
Pink Fantasy,2018-10-28
Rose Finger,2018-10-03
Destiny,2018-09-28
GWSN,2018-09-05
Kitten Girls,2018-09-04
We Girls,2018-08-31
Camila,2018-08-29
Loona,2018-08-20
Cherry On Top,2018-08-09
Nature,2018-08-03
AiRiSu,2018-07-25
Saturday,2018-07-18
NeonPunch,2018-06-27
KHAN,2018-05-23
Uni.T,2018-05-18
(G)I-DLE,2018-05-02
Gawi Bawi Bo,2018-05-01
Honey Popcorn,2018-03-21
Sha Sha,2018-02-27
fromis_9,2018-01-24
Girlkind,2018-01-16
Busters,2017-11-27
Yellow Bee,2017-11-23
Heygirls,2017-11-20
ABRY,2017-11-15
GeeGu,2017-10-26
Hi Cutie,2017-10-12
Hash Tag,2017-10-11
Good Day,2017-08-30
S.I.S,2017-08-25
Weki Meki,2017-08-08
Apple.B,2017-08-01
P.O.P,2017-07-26
Favorite,2017-07-05
ALICE,2017-07-01
G-reyish,2017-06-01
GsA,2017-05-25
Marmello,2017-05-24
Hint,2017-03-31
LipBubble,2017-03-22
Pristin,2017-03-21
H.U.B,2017-02-09
DreamCatcher,2017-01-13
Bonus Baby,2017-01-01
Momoland,2016-11-09
Bulldok,2016-10-20
OhBliss,2016-10-17
Highteen,2016-10-14
Dorothy,2016-08-16
BLACKPINK,2016-08-08
A.DE,2016-07-23
Gugudan,2016-06-28
O21,2016-06-21
IOI,2016-05-04
Mixx,2016-05-02
Bolbbalgan4,2016-04-22
Matilda,2016-03-18
WJSN,2016-02-25
Wable,2016-02-17
Bloomy,2016-02-01
CoCoSoRi,2016-01-05
Girls Girls,2015-12-09
I.C.E,2015-11-16
TWICE,2015-10-20
Unicorn,2015-09-03
myB,2015-08-25
April,2015-08-24
DIA,2015-07-14
Playback,2015-06-25
Oh My Girl,2015-04-21
CLC,2015-03-19
Rubber Soul,2015-02-10
Gfriend,2015-01-15
Sonamoo,2014-12-29
Lovelyz,2014-11-17
Wanna.B,2014-11-17
D.Holic,2014-10-29
Minx,2014-09-18
Laboum,2014-08-27
4TEN,2014-08-26
Red Velvet,2014-08-01
Mamamoo,2014-06-18
Bob Girls,2014-06-10
Berry Good,2014-05-21
Badkiz,2014-03-24
Melody Day,2014-02-25
Pungdeng-E,2013-12-11
Wassup,2013-08-07
2EYES,2013-07-20
BESTie,2013-07-11
GI,2013-04-03
Ladies' Code,2013-03-07
15&,2012-10-05
Fiestar,2012-08-31
Tiny-G,2012-08-23
Two X,2012-08-20
EvoL,2012-08-10
D-Unit,2012-08-01
AOA,2012-07-30
Crayon Pop,2012-07-18
GLAM,2012-07-16
Tahiti,2012-06-23
Hello Venus,2012-05-09
EXID,2012-02-16
SPICA,2012-02-07
C-REAL,2011-10-11
Stellar,2011-08-28
ChoColat,2011-08-16
Blady,2011-05-16
Apink,2011-04-19
Brave Girls,2011-04-08
Rania,2011-04-06
GP Basic,2011-03-18
F-ve Dolls,2011-01-20
Dal Shabet,2011-01-03
9Muses,2010-08-12
Girl's Day,2010-07-09
miss A,2010-07-01
SISTAR,2010-03-06
Rainbow,2009-11-12
SECRET,2009-10-13
f(x),2009-09-05
T-ara,2009-07-29
4Minute,2009-06-15
2NE1,2009-05-06
After School,2009-01-15
Davichi,2008-02-04
Sunny Hill,2007-09-20
Girls' Generation,2007-08-05
KARA,2007-03-29
Wonder Girls,2007-02-13
Brown Eyed Girls,2006-03-02
Gavy NJ,2005-11-11
The Grace,2005-04-29
Girls' World,2002-06-20
Jewelry,2001-03-30
S.E.S,1997-11-01
Baby V.O.X,1997-07-05
ADYA,
BABYMONSTER,